id,product,stars,text
1,kettle,5,Boils in two minutes and the lid never drips. Exactly what I wanted.
2,kettle,2,The handle gets far too hot after one use and the switch feels flimsy.
3,headphones,4,Great sound for the price. The ear pads are a bit tight after an hour.
4,headphones,1,Left side stopped working after a week. Support never answered.
5,backpack,5,Survived a month of rain and two flights. Zips still smooth.
6,backpack,3,Lots of pockets but the straps dig in when it is full.
7,lamp,4,Warm light and easy to dim. The cable could be longer.
8,lamp,2,Flickers at low brightness and the base wobbles on my desk.
9,kettle,4,Quiet and fast. The water gauge is hard to read in the morning light.
10,headphones,5,Noise cancelling is excellent on the train. Battery lasts all week.
11,backpack,1,A seam split on the first day. Returned it.
12,lamp,5,Beautiful design and the touch control is very responsive.
